{
  "underlying": "SPX",
  "timestamp": "2025-10-16T15:36:15",
  "S0": 5000, "r": 0.02, "q": 0.01,
  "slices": [
    { "T": 0.25, "x": [-0.0202027,0,0.0198026,0.0392207], "y": [0.170412,0.147126,0.105423,0.215] },
    { "T": 0.5, "x": [-0.040822,0,0.0198026,0.0392207], "y": [0.225276,0.195,0.0358544,0.0387035] }
  ]
}
