{
  "underlying": "SPX",
  "timestamp": "2025-10-13T14:54:46",
  "S0": 5000, "r": 0.02, "q": 0.01,
  "slices": [
    { "T": 0.25, "x": [-0.0202027,0], "y": [0.135825,0.22] },
    { "T": 0.5, "x": [0,0.0582689], "y": [0.24,0.2] }
  ]
}
