{
  "underlying": "SPX",
  "timestamp": "2025-10-20T16:58:03",
  "S0": 5000, "r": 0.02, "q": 0.01,
  "slices": [
    { "T": 0.25, "x": [-0.0202027,0,0.0198026], "y": [0.0512885,0.0942513,0.112858] },
    { "T": 0.5, "x": [-0.0202027,0,0.0198026,0.0582689], "y": [0.0584318,0.0819197,0.0964889,0.2] }
  ]
}
